,n_atoms,molecular_mass,homo_energy,scf_energy,dipole_moment
0,14,270.0285416000001,-12.2355992877325,-19659.89770956951,[ 1.8314 -1.1952  0.    ]
