,n_atoms,molecular_mass,homo_energy,scf_energy,dipole_moment
0,42,297.1517490000005,-7.3141481875895,-24597.28589191117,[-3.9132 -0.1774 -0.    ]
