,n_atoms,molecular_mass,homo_energy,scf_energy,dipole_moment
0,16,331.9821872000001,-10.772987341295,-30059.886161360802,[-0.      0.      1.1772]
