,n_atoms,molecular_mass,homo_energy,scf_energy,dipole_moment
0,11,281.94138520000007,-12.0766847990405,-28388.265124750276,[-1.1938  2.181   0.    ]
