,n_atoms,molecular_mass,homo_energy,scf_energy,dipole_moment
0,20,147.06841359999996,-10.5561126024465,-12994.62974540159,[-2.2344  3.5978 -0.    ]
