,n_atoms,molecular_mass,homo_energy,scf_energy,dipole_moment
0,14,186.11569799999995,-11.6848408543205,-7820.790522342739,[-0.    -0.     2.858]
