,n_atoms,molecular_mass,homo_energy,scf_energy,dipole_moment
0,37,706.1245668000006,-9.7414037340495,-39307.13246428716,[-7.4748 -3.3781  0.    ]
