,n_atoms,molecular_mass,homo_energy,scf_energy,dipole_moment
0,15,320.01903960000004,-11.848381278470999,-22169.46650283143,[ 1.0000e-04 -7.4771e+00  0.0000e+00]
