,n_atoms,molecular_mass,homo_energy,scf_energy,dipole_moment
0,28,173.12044899999995,-8.930232345709001,-14137.3240491932,[ 1.1944  0.852  -0.    ]
