,n_atoms,molecular_mass,homo_energy,scf_energy,dipole_moment
0,15,288.0647252000001,-12.257096281922001,-13380.5756761817,[-1.7000e-03 -7.1165e+00  0.0000e+00]
