,n_atoms,molecular_mass,homo_energy,scf_energy,dipole_moment
0,14,186.11569799999995,3.9674199402900006,-7825.6850917237625,[ 0.     -0.     -4.3934]
