,n_atoms,molecular_mass,homo_energy,scf_energy,dipole_moment
0,25,181.08914899999996,-9.644531203271502,-15126.435449252438,[ 2.5048 -3.6269  0.    ]
