,n_atoms,molecular_mass,homo_energy,scf_energy,dipole_moment
0,27,205.08914899999996,-9.240170021428499,-17217.85898372118,[-2.3669  4.2003  0.    ]
