,n_atoms,molecular_mass,homo_energy,scf_energy,dipole_moment
0,11,281.94138520000007,-12.1523324494795,-28388.195914769312,[ 0.946   0.0784 -0.    ]
