,n_atoms,molecular_mass,homo_energy,scf_energy,dipole_moment
0,40,734.1558668000007,-9.65459941574,-40373.23056483923,[ -0.1536 -13.0346   0.    ]
