,n_atoms,molecular_mass,homo_energy,scf_energy,dipole_moment
0,20,326.0911416000002,-10.277740133385,-21797.559014525425,[-3.8386  1.4725 -0.    ]
